voterId,name,dob,city,state,email
12bf9,Joseph Jones,01-01-2000,Shieldsfurt,Shieldsfurt,aniskhan004001@gmail.com
12bf10,Samantha Valdez DDS,02-01-2000,Leeport,Leeport,rollno28aniskhan@gmail.com
12bf11,Andrew Jones,03-01-2000,Lloydton,Lloydton,aniskhan04101@gmail.com
12bf12,Michele Henry,04-01-2000,Bookerborough,Bookerborough,krishnakant.97200100@gmail.com
12bf13,Kaitlin Forbes,05-01-2000,East Rebecca,East Rebecca,anis1098imcc@gmail.com
12bf14,Louis Martin,06-01-2000,Lukeport,Lukeport,aniskhan4101@gmail.com
12bf15,Keith Frost,07-01-2000,Patelville,Patelville,anisk8161@gmail.com
12bf16,Alison Roy,08-01-2000,Port Albertshire,Port Albertshire,aniskhan41001@gmail.com
12bf17,Shawn Williams,09-01-2000,South Robertstad,South Robertstad,aniskhan20171@gmail.com
,,,,,
,,,,,
,,,,,
,,,,,
,,,,,
,,,,,
,,,,,
,,,,,
,,,,,
,,,,,
,,,,,
,,,,,
,,,,,
,,,,,
,,,,,
,,,,,
,,,,,
,,,,,
,,,,,
,,,,,
,,,,,
,,,,,
,,,,,
,,,,,
,,,,,
,,,,,
,,,,,
,,,,,
,,,,,
,,,,,
,,,,,
,,,,,
,,,,,
,,,,,
,,,,,
,,,,,
,,,,,
,,,,,
,,,,,
,,,,,
,,,,,
,,,,,
,,,,,
,,,,,
,,,,,
,,,,,
,,,,,
,,,,,
,,,,,
,,,,,
,,,,,
,,,,,
,,,,,
,,,,,
,,,,,
,,,,,
,,,,,
,,,,,
,,,,,
,,,,,
,,,,,
,,,,,
,,,,,
,,,,,
,,,,,
,,,,,
,,,,,
,,,,,
,,,,,
,,,,,
,,,,,
,,,,,
,,,,,
,,,,,
,,,,,
,,,,,
,,,,,
,,,,,
,,,,,
,,,,,
,,,,,
,,,,,
,,,,,
,,,,,
,,,,,
,,,,,
,,,,,
,,,,,
,,,,,
,,,,,
,,,,,
